disease_canonical,fever_prevalence,cough_prevalence,fatigue_prevalence,difficulty_breathing_prevalence,avg_age,most_common_gender,outcome_positive_rate,patient_count,symptoms,symptom_list,cures,doctor,risk_category,risk_pct,source,symptom_source,has_patient_stats,has_clinical_detail,fever_prevalence_imputed,cough_prevalence_imputed,fatigue_prevalence_imputed,difficulty_breathing_prevalence_imputed,avg_age_imputed,outcome_positive_rate_imputed,symptom_set
acanthamoebkeratitis,0.3653916989443305,0.3462961380724538,0.7813572757651704,0.1488954393559657,47.684337263613585,unknown,0.519544125465178,0.0,"pain,redness,inflammation in the eye","['pain', 'redness', 'inflammation in the eye']","antibiotics,antifungals,surgery",ophthalmologist,low,0.1,df2_only,df2_text,False,True,True,True,True,True,True,True,"['fatigue', 'pain', 'redness', 'inflammation in the eye']"
acne,0.0,0.0,1.0,0.0,40.0,male,0.0,1.0,fatigue,['fatigue'],unknown,unknown,unknown,,df1_only,df1_flags_derived,True,False,False,False,False,False,False,False,['fatigue']
acute appendicitis,0.3653916989443305,0.3462961380724538,0.7813572757651704,0.1488954393559657,47.684337263613585,unknown,0.519544125465178,0.0,"pain in the lower right abdomen,nausea,vomiting,fever","['pain in the lower right abdomen', 'nausea', 'vomiting', 'fever']",appendectomy,surgeon,high,20.0,df2_only,df2_text,False,True,True,True,True,True,True,True,"['vomiting', 'fatigue', 'nausea', 'fever', 'pain in the lower right abdomen']"
acute kidney injury,0.3653916989443305,0.3462961380724538,0.7813572757651704,0.1488954393559657,47.684337263613585,unknown,0.519544125465178,0.0,decreased kidney function,['decreased kidney function'],"treatment for the underlying cause,such as dehydration,infection,medication side effect",nephrologist,varies,,df2_only,df2_text,False,True,True,True,True,True,True,True,"['fatigue', 'decreased kidney function']"
adenovirus,0.3653916989443305,0.3462961380724538,0.7813572757651704,0.1488954393559657,47.684337263613585,unknown,0.519544125465178,0.0,"fever,sore throat,cough,conjunctivitis,rash,pink eye","['fever', 'sore throat', 'cough', 'conjunctivitis', 'rash', 'pink eye']","antibiotics,over-the-counter medications,rest,fluids","family doctor,urgent care",low,0.1,df2_only,df2_text,False,True,True,True,True,True,True,True,"['pink eye', 'rash', 'sore throat', 'fatigue', 'cough', 'fever', 'conjunctivitis']"
aflatoxicosis,0.3653916989443305,0.3462961380724538,0.7813572757651704,0.1488954393559657,47.684337263613585,unknown,0.519544125465178,0.0,"vomiting,diarrhea,jaundice,liver damage,death","['vomiting', 'diarrhea', 'jaundice', 'liver damage', 'death']","there is no cure for aflatoxicosis,but treatment may include supportive care,liver transplantation",gastroenterologist,high,70.0,df2_only,df2_text,False,True,True,True,True,True,True,True,"['vomiting', 'fatigue', 'death', 'liver damage', 'jaundice', 'diarrhea']"
alcoholism,0.3653916989443305,0.3462961380724538,0.7813572757651704,0.1488954393559657,47.684337263613585,unknown,0.519544125465178,0.0,"physical dependence on alcohol,tolerance to alcohol,withdrawal symptoms,impaired judgment,memory problems,liver damage,heart disease,cancer","['physical dependence on alcohol', 'tolerance to alcohol', 'withdrawal symptoms', 'impaired judgment', 'memory problems', 'liver damage', 'heart disease', 'cancer']","treatment for alcoholism may include counseling,medication,support groups","psychiatrist,addiction specialist",high,25.0,df2_only,df2_text,False,True,True,True,True,True,True,True,"['physical dependence on alcohol', 'tolerance to alcohol', 'fatigue', 'impaired judgment', 'heart disease', 'withdrawal symptoms', 'liver damage', 'memory problems', 'cancer']"
allergic rhinitis,0.3333333333333333,0.6666666666666666,0.6666666666666666,0.0,40.333333333333336,female,0.16666666666666666,6.0,"runny nose,sneezing,itchy eyes,itchy nose,throat,palate","['runny nose', 'sneezing', 'itchy eyes', 'itchy nose', 'throat', 'palate']","over-the-counter medications,allergy shots",allergist,low,0.1,both,df2_text,True,True,False,False,False,False,False,False,"['sneezing', 'fatigue', 'palate', 'cough', 'runny nose', 'itchy nose', 'itchy eyes', 'throat']"
alzheimers,0.3333333333333333,0.3333333333333333,0.6666666666666666,0.0,66.66666666666667,female,0.6666666666666666,3.0,"memory loss,confusion,difficulty thinking,changes in personality or behavior","['memory loss', 'confusion', 'difficulty thinking', 'changes in personality or behavior']","there is no cure for alzheimer's disease,but there are treatments that can help manage the symptoms",neurologist,high,70.0,both,df2_text,True,True,False,False,False,False,False,False,"['difficulty thinking', 'confusion', 'fatigue', 'changes in personality or behavior', 'memory loss']"
anemia,0.0,0.0,1.0,0.0,50.0,male,0.0,1.0,"fatigue,shortness of breath,pale skin,lightheadedness,dizziness","['fatigue', 'shortness of breath', 'pale skin', 'lightheadedness', 'dizziness']",unknown,hematologist,varies,,both,df1_flags_derived,True,False,False,False,False,False,False,False,"['shortness of breath', 'lightheadedness', 'fatigue', 'dizziness', 'pale skin']"
anxiety disorders,0.5,0.5,0.5,0.16666666666666666,43.166666666666664,male,0.5,6.0,"excessive worry,fear,anxiety that interfere with daily life","['excessive worry', 'fear', 'anxiety that interfere with daily life']","treatment for anxiety disorders may include therapy,medication,combination of both","psychologist,psychiatrist",varies,,both,df2_text,True,True,False,False,False,False,False,False,"['fear', 'fatigue', 'excessive worry', 'cough', 'fever', 'anxiety that interfere with daily life']"
aortic aneurysm,0.3653916989443305,0.3462961380724538,0.7813572757651704,0.1488954393559657,47.684337263613585,unknown,0.519544125465178,0.0,"bulge in the wall of the aorta,the largest artery in the body","['bulge in the wall of the aorta', 'the largest artery in the body']",surgery,vascular surgeon,high,20.0,df2_only,df2_text,False,True,True,True,True,True,True,True,"['fatigue', 'the largest artery in the body', 'bulge in the wall of the aorta']"
appendicitis,1.0,0.0,1.0,0.0,55.0,male,0.0,1.0,"pain in the lower right abdomen,nausea,vomiting,fever","['pain in the lower right abdomen', 'nausea', 'vomiting', 'fever']",appendectomy,surgeon,high,20.0,both,df2_text,True,True,False,False,False,False,False,False,"['vomiting', 'fatigue', 'nausea', 'fever', 'pain in the lower right abdomen']"
arthritis,0.3653916989443305,0.3462961380724538,0.7813572757651704,0.1488954393559657,47.684337263613585,unknown,0.519544125465178,0.0,"pain,stiffness,swelling,inflammation in the joints","['pain', 'stiffness', 'swelling', 'inflammation in the joints']","medication,physical therapy,lifestyle changes",rheumatologist,varies,,df2_only,df2_text,False,True,True,True,True,True,True,True,"['inflammation in the joints', 'pain', 'swelling', 'fatigue', 'stiffness']"
asperger syndrome,0.3653916989443305,0.3462961380724538,0.7813572757651704,0.1488954393559657,47.684337263613585,unknown,0.519544125465178,0.0,"difficulty with social interaction,repetitive behaviors,restricted interests","['difficulty with social interaction', 'repetitive behaviors', 'restricted interests']","there is no cure for asperger syndrome,but there are treatments that can help manage the symptoms","psychologist,psychiatrist",varies,,df2_only,df2_text,False,True,True,True,True,True,True,True,"['fatigue', 'difficulty with social interaction', 'restricted interests', 'repetitive behaviors']"
asthma,0.75,0.6875,0.5625,0.9375,37.4375,female,0.75,16.0,"wheezing,shortness of breath,coughing,chest tightness","['wheezing', 'shortness of breath', 'coughing', 'chest tightness']","treatment for asthmmay include medication,lifestyle changes,allergy shots","allergist,pulmonologist",varies,,both,df2_text,True,True,False,False,False,False,False,False,"['coughing', 'shortness of breath', 'fatigue', 'cough', 'fever', 'wheezing', 'chest tightness', 'difficulty breathing']"
atherosclerosis,0.0,0.0,1.0,0.0,35.0,male,0.0,1.0,fatigue,['fatigue'],unknown,unknown,unknown,,df1_only,df1_flags_derived,True,False,False,False,False,False,False,False,['fatigue']
atopic dermatitis,0.3653916989443305,0.3462961380724538,0.7813572757651704,0.1488954393559657,47.684337263613585,unknown,0.519544125465178,0.0,"itchy,red,inflamed skin","['itchy', 'red', 'inflamed skin']","medication,lifestyle changes",dermatologist,varies,,df2_only,df2_text,False,True,True,True,True,True,True,True,"['fatigue', 'inflamed skin', 'red', 'itchy']"
autism spectrum disorder,0.0,0.0,1.0,0.0,45.0,male,0.0,1.0,fatigue,['fatigue'],unknown,unknown,unknown,,df1_only,df1_flags_derived,True,False,False,False,False,False,False,False,['fatigue']
bacterial meningitis,0.3653916989443305,0.3462961380724538,0.7813572757651704,0.1488954393559657,47.684337263613585,unknown,0.519544125465178,0.0,"fever,headache,stiff neck,nausea,vomiting,sensitivity to light","['fever', 'headache', 'stiff neck', 'nausea', 'vomiting', 'sensitivity to light']",antibiotics,"neurologist,neurosurgeon",high,20.0,df2_only,df2_text,False,True,True,True,True,True,True,True,"['stiff neck', 'vomiting', 'sensitivity to light', 'fatigue', 'nausea', 'fever', 'headache']"
bipolar disorder,0.0,0.0,1.0,0.0,30.0,female,1.0,1.0,"extreme mood swings,from manito depression","['extreme mood swings', 'from manito depression']","treatment for bipolar disorder may include medication,therapy,combination of both","psychologist,psychiatrist",varies,,both,df2_text,True,True,False,False,False,False,False,False,"['fatigue', 'from manito depression', 'extreme mood swings']"
bladder cancer,0.0,0.0,1.0,0.0,65.0,male,0.0,1.0,"blood in the urine,pain or burning when urinating,frequent urination,urgency to urinate,incontinence","['blood in the urine', 'pain or burning when urinating', 'frequent urination', 'urgency to urinate', 'incontinence']","surgery,chemotherapy,radiation therapy",urologist,high,70.0,both,df2_text,True,True,False,False,False,False,False,False,"['incontinence', 'fatigue', 'frequent urination', 'blood in the urine', 'pain or burning when urinating', 'urgency to urinate']"
blood clot,0.3653916989443305,0.3462961380724538,0.7813572757651704,0.1488954393559657,47.684337263613585,unknown,0.519544125465178,0.0,"pain,swelling,redness,warmth,tenderness in the affected area,shortness of breath,chest pain,difficulty breathing,coughing up blood","['pain', 'swelling', 'redness', 'warmth', 'tenderness in the affected area', 'shortness of breath', 'chest pain', 'difficulty breathing', 'coughing up blood']","treatment for blood clot may include medication,surgery,combination of both","cardiologist,hematologist",high,20.0,df2_only,df2_text,False,True,True,True,True,True,True,True,"['pain', 'swelling', 'shortness of breath', 'coughing up blood', 'fatigue', 'redness', 'chest pain', 'tenderness in the affected area', 'difficulty breathing', 'warmth']"
brain tumor,0.0,0.0,1.0,0.0,40.0,male,0.0,1.0,fatigue,['fatigue'],unknown,unknown,unknown,,df1_only,df1_flags_derived,True,False,False,False,False,False,False,False,['fatigue']
breast cancer,0.0,0.0,1.0,0.0,60.0,male,0.0,1.0,fatigue,['fatigue'],unknown,unknown,unknown,,df1_only,df1_flags_derived,True,False,False,False,False,False,False,False,['fatigue']
bronchitis,0.7142857142857143,0.7142857142857143,0.7142857142857143,1.0,46.42857142857143,male,0.5714285714285714,7.0,"cough,mucus production,shortness of breath,chest pain","['cough', 'mucus production', 'shortness of breath', 'chest pain']","antibiotics,over-the-counter medications,rest,fluids","family doctor,pulmonologist",low,0.5,both,df2_text,True,True,False,False,False,False,False,False,"['mucus production', 'shortness of breath', 'fatigue', 'cough', 'fever', 'chest pain', 'difficulty breathing']"
bursitis,0.3653916989443305,0.3462961380724538,0.7813572757651704,0.1488954393559657,47.684337263613585,unknown,0.519544125465178,0.0,"pain,swelling,inflammation in bursa,which is small sac of fluid that cushions joints","['pain', 'swelling', 'inflammation in bursa', 'which is small sac of fluid that cushions joints']","medication,rest,ice,compression,elevation","family doctor,orthopedist",varies,,df2_only,df2_text,False,True,True,True,True,True,True,True,"['pain', 'swelling', 'which is small sac of fluid that cushions joints', 'inflammation in bursa', 'fatigue']"
cancer,0.3653916989443305,0.3462961380724538,0.7813572757651704,0.1488954393559657,47.684337263613585,unknown,0.519544125465178,0.0,"lump,unexplained weight loss,fatigue,changes in bowel,bladder habits,persistent cough,indigestion,unexplained bleeding or discharge","['lump', 'unexplained weight loss', 'fatigue', 'changes in bowel', 'bladder habits', 'persistent cough', 'indigestion', 'unexplained bleeding or discharge']","surgery,chemotherapy,radiation therapy",oncologist,varies,,df2_only,df2_text,False,True,True,True,True,True,True,True,"['bladder habits', 'lump', 'unexplained bleeding or discharge', 'fatigue', 'unexplained weight loss', 'persistent cough', 'changes in bowel', 'indigestion']"
cataracts,0.0,0.0,1.0,0.0,45.0,female,1.0,1.0,fatigue,['fatigue'],unknown,unknown,unknown,,df1_only,df1_flags_derived,True,False,False,False,False,False,False,False,['fatigue']
celiac,0.3653916989443305,0.3462961380724538,0.7813572757651704,0.1488954393559657,47.684337263613585,unknown,0.519544125465178,0.0,"diarrhea,bloating,weight loss,fatigue,abdominal pain","['diarrhea', 'bloating', 'weight loss', 'fatigue', 'abdominal pain']",gluten-free diet,gastroenterologist,varies,,df2_only,df2_text,False,True,True,True,True,True,True,True,"['bloating', 'weight loss', 'fatigue', 'abdominal pain', 'diarrhea']"
cerebral palsy,0.0,0.0,1.0,1.0,30.0,female,1.0,1.0,"fatigue,difficulty breathing","['fatigue', 'difficulty breathing']",unknown,unknown,unknown,,df1_only,df1_flags_derived,True,False,False,False,False,False,False,False,"['fatigue', 'difficulty breathing']"
cervical cancer,0.3653916989443305,0.3462961380724538,0.7813572757651704,0.1488954393559657,47.684337263613585,unknown,0.519544125465178,0.0,"abnormal pap test results,abnormal vaginal bleeding,pain during sex","['abnormal pap test results', 'abnormal vaginal bleeding', 'pain during sex']","surgery,chemotherapy,radiation therapy",gynecologist,high,70.0,df2_only,df2_text,False,True,True,True,True,True,True,True,"['abnormal vaginal bleeding', 'abnormal pap test results', 'fatigue', 'pain during sex']"
chickenpox,0.0,1.0,0.0,0.0,40.0,male,1.0,1.0,"rash,fever,headache,muscle aches,fatigue","['rash', 'fever', 'headache', 'muscle aches', 'fatigue']","antiviral medication,over-the-counter medications,rest,fluids","family doctor,urgent care",low,0.1,both,df2_text,True,True,False,False,False,False,False,False,"['muscle aches', 'rash', 'fatigue', 'cough', 'fever', 'headache']"
cholecystitis,0.0,0.0,1.0,0.0,70.0,male,0.0,1.0,fatigue,['fatigue'],unknown,unknown,unknown,,df1_only,df1_flags_derived,True,False,False,False,False,False,False,False,['fatigue']
cholera,1.0,0.0,1.0,1.0,50.0,female,0.0,1.0,"fever,fatigue,difficulty breathing","['fever', 'fatigue', 'difficulty breathing']",unknown,unknown,unknown,,df1_only,df1_flags_derived,True,False,False,False,False,False,False,False,"['fatigue', 'fever', 'difficulty breathing']"
cholesterol,0.3653916989443305,0.3462961380724538,0.7813572757651704,0.1488954393559657,47.684337263613585,unknown,0.519544125465178,0.0,high levels of cholesterol in the blood,['high levels of cholesterol in the blood'],"diet,exercise,medication",cardiologist,varies,,df2_only,df2_text,False,True,True,True,True,True,True,True,"['fatigue', 'high levels of cholesterol in the blood']"
chronic kidney,0.0,0.0,1.0,0.0,60.0,female,1.0,1.0,"fatigue,shortness of breath,swelling,high blood pressure,changes in urination","['fatigue', 'shortness of breath', 'swelling', 'high blood pressure', 'changes in urination']","treatment for the underlying cause,such as high blood pressure,diabetes,an infection",nephrologist,varies,,both,df2_text,True,True,False,False,False,False,False,False,"['shortness of breath', 'swelling', 'fatigue', 'high blood pressure', 'changes in urination']"
chronic obstructive pulmonary,0.6666666666666666,0.6666666666666666,1.0,1.0,56.666666666666664,male,0.3333333333333333,3.0,"chronic bronchitis,emphysema","['chronic bronchitis', 'emphysema']","treatment for copd may include medication,lifestyle changes,oxygen therapy",pulmonologist,varies,,both,df2_text,True,True,False,False,False,False,False,False,"['emphysema', 'fatigue', 'chronic bronchitis', 'cough', 'fever', 'difficulty breathing']"
cirrhosis,0.0,0.0,1.0,0.0,35.0,female,1.0,1.0,fatigue,['fatigue'],unknown,unknown,unknown,,df1_only,df1_flags_derived,True,False,False,False,False,False,False,False,['fatigue']
colorectal cancer,0.0,0.0,1.0,0.0,30.0,female,1.0,1.0,"change in bowel habits,such as diarrhea,constipation,narrowing of the stool,blood in the stool,abdominal pain,unexplained weight loss","['change in bowel habits', 'such as diarrhea', 'constipation', 'narrowing of the stool', 'blood in the stool', 'abdominal pain', 'unexplained weight loss']","surgery,chemotherapy,radiation therapy",gastroenterologist,high,70.0,both,df2_text,True,True,False,False,False,False,False,False,"['narrowing of the stool', 'change in bowel habits', 'fatigue', 'such as diarrhea', 'constipation', 'unexplained weight loss', 'blood in the stool', 'abdominal pain']"
common cold,0.6666666666666666,0.5,0.6666666666666666,0.3333333333333333,36.166666666666664,female,0.16666666666666666,6.0,"runny nose,sneezing,sore throat,cough,congestion","['runny nose', 'sneezing', 'sore throat', 'cough', 'congestion']","over-the-counter medications,rest,fluids","family doctor,urgent care",low,0.1,both,df2_text,True,True,False,False,False,False,False,False,"['sneezing', 'sore throat', 'fatigue', 'cough', 'fever', 'runny nose', 'congestion']"
conjunctivitis,0.0,1.0,0.0,0.0,35.0,female,1.0,1.0,cough,['cough'],unknown,unknown,unknown,,df1_only,df1_flags_derived,True,False,False,False,False,False,False,False,['cough']
conjunctivitis pink eye,0.3653916989443305,0.3462961380724538,0.7813572757651704,0.1488954393559657,47.684337263613585,unknown,0.519544125465178,0.0,"red,itchy,watery eyes","['red', 'itchy', 'watery eyes']","over-the-counter medications,warm compresses","family doctor,ophthalmologist",low,0.1,df2_only,df2_text,False,True,True,True,True,True,True,True,"['fatigue', 'red', 'watery eyes', 'itchy']"
coronary artery,0.3333333333333333,0.3333333333333333,0.6666666666666666,0.0,51.666666666666664,female,0.6666666666666666,3.0,fatigue,['fatigue'],unknown,unknown,unknown,,df1_only,df1_flags_derived,True,False,False,False,False,False,False,False,['fatigue']
crohns,0.6,0.4,1.0,0.0,47.0,male,0.4,5.0,"diarrhea,bloody stool,abdominal pain,weight loss","['diarrhea', 'bloody stool', 'abdominal pain', 'weight loss']","medication,surgery",gastroenterologist,varies,,both,df2_text,True,True,False,False,False,False,False,False,"['weight loss', 'fatigue', 'abdominal pain', 'fever', 'bloody stool', 'diarrhea']"
cystic fibrosis,0.0,0.0,1.0,1.0,40.0,male,0.0,1.0,"fatigue,difficulty breathing","['fatigue', 'difficulty breathing']",unknown,unknown,unknown,,df1_only,df1_flags_derived,True,False,False,False,False,False,False,False,"['fatigue', 'difficulty breathing']"
dementia,0.0,0.0,1.0,0.0,65.0,female,1.0,1.0,"memory loss,confusion,difficulty thinking,changes in personality or behavior","['memory loss', 'confusion', 'difficulty thinking', 'changes in personality or behavior']","there is no cure for dementia,but there are treatments that can help manage the symptoms",neurologist,varies,,both,df2_text,True,True,False,False,False,False,False,False,"['difficulty thinking', 'confusion', 'fatigue', 'changes in personality or behavior', 'memory loss']"
dengue fever,1.0,0.0,1.0,0.0,30.0,female,0.0,1.0,"fever,fatigue","['fever', 'fatigue']",unknown,unknown,unknown,,df1_only,df1_flags_derived,True,False,False,False,False,False,False,False,"['fatigue', 'fever']"
depression,0.3333333333333333,0.3333333333333333,0.6666666666666666,0.3333333333333333,39.833333333333336,female,0.5,6.0,"sadness,hopelessness,loss of interest in activities,changes in appetite,sleep,energy levels","['sadness', 'hopelessness', 'loss of interest in activities', 'changes in appetite', 'sleep', 'energy levels']","treatment for depression may include medication,therapy,combination of both","psychologist,psychiatrist",varies,,both,df2_text,True,True,False,False,False,False,False,False,"['sleep', 'changes in appetite', 'energy levels', 'fatigue', 'sadness', 'hopelessness', 'loss of interest in activities']"
diabetes,0.5,0.5,0.6,0.1,47.4,male,0.5,10.0,"increased thirst,frequent urination,unexplained weight loss,fatigue,blurred vision,cuts that are slow to heal","['increased thirst', 'frequent urination', 'unexplained weight loss', 'fatigue', 'blurred vision', 'cuts that are slow to heal']","diet,exercise,medication",endocrinologist,high,25.0,both,df2_text,True,True,False,False,False,False,False,False,"['blurred vision', 'fatigue', 'increased thirst', 'unexplained weight loss', 'cough', 'fever', 'frequent urination', 'cuts that are slow to heal']"
diarrhea,0.3653916989443305,0.3462961380724538,0.7813572757651704,0.1488954393559657,47.684337263613585,unknown,0.519544125465178,0.0,"loose,watery stools","['loose', 'watery stools']","over-the-counter medications,rest,fluids","family doctor,urgent care",low,0.1,df2_only,df2_text,False,True,True,True,True,True,True,True,"['fatigue', 'watery stools', 'loose']"
diverticulitis,0.0,0.0,1.0,0.0,65.0,female,1.0,1.0,fatigue,['fatigue'],unknown,unknown,unknown,,df1_only,df1_flags_derived,True,False,False,False,False,False,False,False,['fatigue']
down syndrome,0.0,0.0,1.0,0.0,50.0,female,1.0,1.0,fatigue,['fatigue'],unknown,unknown,unknown,,df1_only,df1_flags_derived,True,False,False,False,False,False,False,False,['fatigue']
eating disorders anorexia,0.0,0.0,1.0,0.0,40.0,female,1.0,1.0,disturbance in eating behavior that can lead to serious health problems,['disturbance in eating behavior that can lead to serious health problems'],"treatment for eating disorders may include therapy,medication,support groups","psychologist,psychiatrist",varies,,both,df2_text,True,True,False,False,False,False,False,False,"['fatigue', 'disturbance in eating behavior that can lead to serious health problems']"
ebola virus,1.0,1.0,1.0,1.0,50.0,male,1.0,1.0,"fever,cough,fatigue,difficulty breathing","['fever', 'cough', 'fatigue', 'difficulty breathing']",unknown,unknown,unknown,,df1_only,df1_flags_derived,True,False,False,False,False,False,False,False,"['fatigue', 'cough', 'fever', 'difficulty breathing']"
eczema,0.3333333333333333,0.6666666666666666,0.3333333333333333,0.0,32.5,female,0.5,6.0,cough,['cough'],unknown,unknown,unknown,,df1_only,df1_flags_derived,True,False,False,False,False,False,False,False,['cough']
endometriosis,1.0,0.0,0.0,0.0,50.0,male,0.0,1.0,fever,['fever'],unknown,unknown,unknown,,df1_only,df1_flags_derived,True,False,False,False,False,False,False,False,['fever']
epilepsy,0.0,0.0,1.0,0.0,35.0,male,0.0,1.0,seizures,['seizures'],"medication,surgery",neurologist,varies,,both,df2_text,True,True,False,False,False,False,False,False,"['fatigue', 'seizures']"
erectile dysfunction,0.3653916989443305,0.3462961380724538,0.7813572757651704,0.1488954393559657,47.684337263613585,unknown,0.519544125465178,0.0,"difficulty getting,keeping an erection","['difficulty getting', 'keeping an erection']","medication,lifestyle changes,surgery",urologist,varies,,df2_only,df2_text,False,True,True,True,True,True,True,True,"['keeping an erection', 'fatigue', 'difficulty getting']"
esophageal cancer,0.0,0.0,1.0,0.0,55.0,male,0.0,1.0,fatigue,['fatigue'],unknown,unknown,unknown,,df1_only,df1_flags_derived,True,False,False,False,False,False,False,False,['fatigue']
fever,0.3653916989443305,0.3462961380724538,0.7813572757651704,0.1488954393559657,47.684337263613585,unknown,0.519544125465178,0.0,elevated body temperature,['elevated body temperature'],"over-the-counter medications,rest,fluids","family doctor,urgent care",low,0.1,df2_only,df2_text,False,True,True,True,True,True,True,True,"['fatigue', 'elevated body temperature']"
fibromyalgia,0.0,0.0,1.0,0.0,40.0,female,1.0,1.0,"widespread pain,fatigue,tenderness","['widespread pain', 'fatigue', 'tenderness']","medication,lifestyle changes",rheumatologist,varies,,both,df2_text,True,True,False,False,False,False,False,False,"['fatigue', 'widespread pain', 'tenderness']"
flu,0.3653916989443305,0.3462961380724538,0.7813572757651704,0.1488954393559657,47.684337263613585,unknown,0.519544125465178,0.0,"fever,cough,sore throat,runny or stuffy nose,muscle aches,headache,fatigue","['fever', 'cough', 'sore throat', 'runny or stuffy nose', 'muscle aches', 'headache', 'fatigue']","over-the-counter medications,rest,fluids","family doctor,urgent care",low,0.1,df2_only,df2_text,False,True,True,True,True,True,True,True,"['muscle aches', 'sore throat', 'fatigue', 'cough', 'fever', 'runny or stuffy nose', 'headache']"
food poisoning,0.3653916989443305,0.3462961380724538,0.7813572757651704,0.1488954393559657,47.684337263613585,unknown,0.519544125465178,0.0,"nausea,vomiting,diarrhea,abdominal cramps","['nausea', 'vomiting', 'diarrhea', 'abdominal cramps']","over-the-counter medications,rest,fluids","family doctor,urgent care",low,0.1,df2_only,df2_text,False,True,True,True,True,True,True,True,"['vomiting', 'fatigue', 'abdominal cramps', 'nausea', 'diarrhea']"
gallstones,0.3653916989443305,0.3462961380724538,0.7813572757651704,0.1488954393559657,47.684337263613585,unknown,0.519544125465178,0.0,"pain in the upper right abdomen,nausea,vomiting,fever","['pain in the upper right abdomen', 'nausea', 'vomiting', 'fever']",surgery,surgeon,high,20.0,df2_only,df2_text,False,True,True,True,True,True,True,True,"['pain in the upper right abdomen', 'vomiting', 'fatigue', 'nausea', 'fever']"
gastroenteritis,0.6666666666666666,0.6666666666666666,0.6666666666666666,0.3333333333333333,37.0,male,0.5,6.0,"fever,cough,fatigue","['fever', 'cough', 'fatigue']",unknown,unknown,unknown,,df1_only,df1_flags_derived,True,False,False,False,False,False,False,False,"['fatigue', 'cough', 'fever']"
glaucoma,0.0,0.0,1.0,0.0,40.0,male,0.0,1.0,"increased pressure in the eye that can damage the optic nerve,lead to vision loss","['increased pressure in the eye that can damage the optic nerve', 'lead to vision loss']","medication,surgery",ophthalmologist,varies,,both,df2_text,True,True,False,False,False,False,False,False,"['fatigue', 'increased pressure in the eye that can damage the optic nerve', 'lead to vision loss']"
gonorrhea,0.3653916989443305,0.3462961380724538,0.7813572757651704,0.1488954393559657,47.684337263613585,unknown,0.519544125465178,0.0,"sexually transmitted infection that can cause burning during urination,discharge from the penis or vagina,pain in the lower abdomen","['sexually transmitted infection that can cause burning during urination', 'discharge from the penis or vagina', 'pain in the lower abdomen']",antibiotics,"urologist,gynecologist",high,70.0,df2_only,df2_text,False,True,True,True,True,True,True,True,"['fatigue', 'sexually transmitted infection that can cause burning during urination', 'discharge from the penis or vagina', 'pain in the lower abdomen']"
gout,1.0,0.0,1.0,0.0,70.0,female,1.0,1.0,"fever,fatigue","['fever', 'fatigue']",unknown,unknown,unknown,,df1_only,df1_flags_derived,True,False,False,False,False,False,False,False,"['fatigue', 'fever']"
graves,0.3653916989443305,0.3462961380724538,0.7813572757651704,0.1488954393559657,47.684337263613585,unknown,0.519544125465178,0.0,"hyperthyroidism,which is an overactive thyroid","['hyperthyroidism', 'which is an overactive thyroid']","medication,surgery",endocrinologist,varies,,df2_only,df2_text,False,True,True,True,True,True,True,True,"['hyperthyroidism', 'fatigue', 'which is an overactive thyroid']"
hashimotos thyroiditis,0.3653916989443305,0.3462961380724538,0.7813572757651704,0.1488954393559657,47.684337263613585,unknown,0.519544125465178,0.0,"hypothyroidism,which is an underactive thyroid","['hypothyroidism', 'which is an underactive thyroid']",medication,endocrinologist,varies,,df2_only,df2_text,False,True,True,True,True,True,True,True,"['fatigue', 'hypothyroidism', 'which is an underactive thyroid']"
heart,0.3653916989443305,0.3462961380724538,0.7813572757651704,0.1488954393559657,47.684337263613585,unknown,0.519544125465178,0.0,"chest pain,shortness of breath,fatigue,dizziness,fainting","['chest pain', 'shortness of breath', 'fatigue', 'dizziness', 'fainting']","treatment for heart disease may include medication,lifestyle changes,surgery",cardiologist,high,20.0,df2_only,df2_text,False,True,True,True,True,True,True,True,"['fainting', 'shortness of breath', 'fatigue', 'dizziness', 'chest pain']"
heart failure,0.3653916989443305,0.3462961380724538,0.7813572757651704,0.1488954393559657,47.684337263613585,unknown,0.519544125465178,0.0,condition in which the heart cannot pump blood as well as it should,['condition in which the heart cannot pump blood as well as it should'],"medication,lifestyle changes,surgery",cardiologist,high,20.0,df2_only,df2_text,False,True,True,True,True,True,True,True,"['fatigue', 'condition in which the heart cannot pump blood as well as it should']"
hemophilia,0.0,0.0,1.0,0.0,50.0,female,1.0,2.0,fatigue,['fatigue'],unknown,unknown,unknown,,df1_only,df1_flags_derived,True,False,False,False,False,False,False,False,['fatigue']
hepatitis,1.0,0.5,1.0,0.5,37.5,female,0.0,2.0,inflammation of the liver,['inflammation of the liver'],"treatment for hepatitis may include medication,rest,lifestyle changes",gastroenterologist,varies,,both,df2_text,True,True,False,False,False,False,False,False,"['fatigue', 'cough', 'fever', 'difficulty breathing', 'inflammation of the liver']"
hepatitis b,0.0,1.0,1.0,0.0,60.0,male,1.0,1.0,"cough,fatigue","['cough', 'fatigue']",unknown,unknown,unknown,,df1_only,df1_flags_derived,True,False,False,False,False,False,False,False,"['fatigue', 'cough']"
herpes,0.3653916989443305,0.3462961380724538,0.7813572757651704,0.1488954393559657,47.684337263613585,unknown,0.519544125465178,0.0,"sexually transmitted infection that can cause blisters on the genitals,mouth,other parts of the body","['sexually transmitted infection that can cause blisters on the genitals', 'mouth', 'other parts of the body']","there is no cure for herpes,but there are treatments that can help manage the symptoms","urologist,gynecologist",high,70.0,df2_only,df2_text,False,True,True,True,True,True,True,True,"['fatigue', 'other parts of the body', 'sexually transmitted infection that can cause blisters on the genitals', 'mouth']"
hivaids,1.0,0.0,0.0,0.0,55.0,female,0.0,1.0,fever,['fever'],unknown,unknown,unknown,,df1_only,df1_flags_derived,True,False,False,False,False,False,False,False,['fever']
hyperglycemia,0.0,0.0,1.0,0.0,45.0,male,0.0,1.0,fatigue,['fatigue'],unknown,unknown,unknown,,df1_only,df1_flags_derived,True,False,False,False,False,False,False,False,['fatigue']
hypertension,0.5,0.4,0.5,0.0,52.0,female,0.5,10.0,"fever,fatigue","['fever', 'fatigue']",unknown,unknown,unknown,,df1_only,df1_flags_derived,True,False,False,False,False,False,False,False,"['fatigue', 'fever']"
hypertensive heart,0.0,0.0,1.0,0.0,30.0,female,1.0,1.0,fatigue,['fatigue'],unknown,unknown,unknown,,df1_only,df1_flags_derived,True,False,False,False,False,False,False,False,['fatigue']
hyperthyroidism,0.4,0.6,0.8,0.0,39.6,male,0.4,5.0,"cough,fatigue","['cough', 'fatigue']",unknown,unknown,unknown,,df1_only,df1_flags_derived,True,False,False,False,False,False,False,False,"['fatigue', 'cough']"
hypoglycemia,0.0,0.0,1.0,0.0,40.0,female,1.0,1.0,fatigue,['fatigue'],unknown,unknown,unknown,,df1_only,df1_flags_derived,True,False,False,False,False,False,False,False,['fatigue']
hypothyroidism,0.4,0.4,1.0,0.0,48.0,female,0.6,5.0,fatigue,['fatigue'],unknown,unknown,unknown,,df1_only,df1_flags_derived,True,False,False,False,False,False,False,False,['fatigue']
influenza,0.7142857142857143,0.7142857142857143,0.7142857142857143,0.5714285714285714,34.285714285714285,female,0.7142857142857143,7.0,"fever,cough,sore throat,runny or stuffy nose,muscle aches,headache,fatigue","['fever', 'cough', 'sore throat', 'runny or stuffy nose', 'muscle aches', 'headache', 'fatigue']","over-the-counter medications,rest,fluids","family doctor,urgent care",low,0.1,both,df2_text,True,True,False,False,False,False,False,False,"['muscle aches', 'sore throat', 'fatigue', 'cough', 'fever', 'runny or stuffy nose', 'difficulty breathing', 'headache']"
irritable bowel syndrome,0.3653916989443305,0.3462961380724538,0.7813572757651704,0.1488954393559657,47.684337263613585,unknown,0.519544125465178,0.0,"abdominal pain,bloating,constipation,diarrhea","['abdominal pain', 'bloating', 'constipation', 'diarrhea']","treatment for ibs may include diet,lifestyle changes,medication","family doctor,gastroenterologist",varies,,df2_only,df2_text,False,True,True,True,True,True,True,True,"['bloating', 'fatigue', 'constipation', 'abdominal pain', 'diarrhea']"
kidney,0.6,0.6,0.6,0.4,47.0,female,0.4,5.0,damage to the kidneys that can lead to kidney failure,['damage to the kidneys that can lead to kidney failure'],"treatment for the underlying cause,such as high blood pressure,diabetes,an infection",nephrologist,varies,,both,df2_text,True,True,False,False,False,False,False,False,"['damage to the kidneys that can lead to kidney failure', 'fatigue', 'cough', 'fever']"
kidney cancer,0.3333333333333333,0.5,0.6666666666666666,0.16666666666666666,43.666666666666664,male,0.3333333333333333,6.0,"cough,fatigue","['cough', 'fatigue']",unknown,unknown,unknown,,df1_only,df1_flags_derived,True,False,False,False,False,False,False,False,"['fatigue', 'cough']"
kidney stones,0.3653916989443305,0.3462961380724538,0.7813572757651704,0.1488954393559657,47.684337263613585,unknown,0.519544125465178,0.0,"pain in the lower back or side,nausea,vomiting,blood in the urine","['pain in the lower back or side', 'nausea', 'vomiting', 'blood in the urine']",surgery,urologist,high,20.0,df2_only,df2_text,False,True,True,True,True,True,True,True,"['vomiting', 'fatigue', 'pain in the lower back or side', 'nausea', 'blood in the urine']"
klinefelter syndrome,0.0,0.0,1.0,0.0,44.5,female,1.0,2.0,fatigue,['fatigue'],unknown,unknown,unknown,,df1_only,df1_flags_derived,True,False,False,False,False,False,False,False,['fatigue']
liver,0.4,0.6,0.6,0.4,43.0,male,0.4,5.0,"cough,fatigue","['cough', 'fatigue']",unknown,unknown,unknown,,df1_only,df1_flags_derived,True,False,False,False,False,False,False,False,"['fatigue', 'cough']"
liver cancer,0.6666666666666666,0.6666666666666666,0.8333333333333334,0.5,43.166666666666664,female,0.6666666666666666,6.0,"fever,cough,fatigue,difficulty breathing","['fever', 'cough', 'fatigue', 'difficulty breathing']",unknown,unknown,unknown,,df1_only,df1_flags_derived,True,False,False,False,False,False,False,False,"['fatigue', 'cough', 'fever', 'difficulty breathing']"
lung,0.3653916989443305,0.3462961380724538,0.7813572757651704,0.1488954393559657,47.684337263613585,unknown,0.519544125465178,0.0,"condition that affects the lungs,can make it difficult to breathe","['condition that affects the lungs', 'can make it difficult to breathe']","treatment for the underlying cause,such as asthma,chronic obstructive pulmonary disease (copd),pneumonia",pulmonologist,varies,,df2_only,df2_text,False,True,True,True,True,True,True,True,"['fatigue', 'can make it difficult to breathe', 'condition that affects the lungs']"
lung cancer,1.0,0.3333333333333333,1.0,0.3333333333333333,57.333333333333336,female,0.6666666666666666,3.0,"cough that does not go away,shortness of breath,chest pain,unexplained weight loss,fatigue,blood in the sputum","['cough that does not go away', 'shortness of breath', 'chest pain', 'unexplained weight loss', 'fatigue', 'blood in the sputum']","surgery,chemotherapy,radiation therapy",oncologist,high,70.0,both,df2_text,True,True,False,False,False,False,False,False,"['blood in the sputum', 'shortness of breath', 'fatigue', 'unexplained weight loss', 'fever', 'cough that does not go away', 'chest pain']"
lyme,1.0,0.0,0.0,0.0,50.0,male,1.0,1.0,fever,['fever'],unknown,unknown,unknown,,df1_only,df1_flags_derived,True,False,False,False,False,False,False,False,['fever']
lymphoma,0.0,1.0,0.0,0.0,40.0,female,1.0,1.0,cough,['cough'],unknown,unknown,unknown,,df1_only,df1_flags_derived,True,False,False,False,False,False,False,False,['cough']
malaria,1.0,0.0,0.0,0.0,35.0,male,1.0,1.0,"fever,chills,sweating,headache,muscle aches,fatigue,vomiting,diarrhea","['fever', 'chills', 'sweating', 'headache', 'muscle aches', 'fatigue', 'vomiting', 'diarrhea']",antimalarial drugs,"family doctor,urgent care",high,20.0,both,df2_text,True,True,False,False,False,False,False,False,"['muscle aches', 'vomiting', 'fatigue', 'chills', 'fever', 'diarrhea', 'sweating', 'headache']"
marfan syndrome,0.0,0.0,1.0,0.0,55.0,male,0.0,1.0,fatigue,['fatigue'],unknown,unknown,unknown,,df1_only,df1_flags_derived,True,False,False,False,False,False,False,False,['fatigue']
measles,1.0,1.0,0.0,0.0,60.0,female,0.0,1.0,"fever,cough,runny nose,red eyes,sore throat,rash","['fever', 'cough', 'runny nose', 'red eyes', 'sore throat', 'rash']",measles vaccine,"family doctor,urgent care",high,70.0,both,df2_text,True,True,False,False,False,False,False,False,"['rash', 'sore throat', 'cough', 'fever', 'runny nose', 'red eyes']"
melanoma,1.0,0.0,1.0,0.0,45.0,male,0.0,1.0,"fever,fatigue","['fever', 'fatigue']",unknown,unknown,unknown,,df1_only,df1_flags_derived,True,False,False,False,False,False,False,False,"['fatigue', 'fever']"
meningitis,0.3653916989443305,0.3462961380724538,0.7813572757651704,0.1488954393559657,47.684337263613585,unknown,0.519544125465178,0.0,"fever,headache,stiff neck,nausea,vomiting,sensitivity to light","['fever', 'headache', 'stiff neck', 'nausea', 'vomiting', 'sensitivity to light']",antibiotics,"neurologist,neurosurgeon",high,20.0,df2_only,df2_text,False,True,True,True,True,True,True,True,"['stiff neck', 'vomiting', 'sensitivity to light', 'fatigue', 'nausea', 'fever', 'headache']"
migraine,0.5,0.5,0.5,0.1,41.1,female,0.5,10.0,"fever,cough,fatigue","['fever', 'cough', 'fatigue']",unknown,unknown,unknown,,df1_only,df1_flags_derived,True,False,False,False,False,False,False,False,"['fatigue', 'cough', 'fever']"
mononucleosis,0.3653916989443305,0.3462961380724538,0.7813572757651704,0.1488954393559657,47.684337263613585,unknown,0.519544125465178,0.0,"fever,sore throat,fatigue,swollen lymph nodes,rash","['fever', 'sore throat', 'fatigue', 'swollen lymph nodes', 'rash']","there is no cure for mononucleosis,but symptoms can be treated with rest,fluids,over-the-counter medications","family doctor,urgent care",low,0.1,df2_only,df2_text,False,True,True,True,True,True,True,True,"['rash', 'sore throat', 'fatigue', 'swollen lymph nodes', 'fever']"
multiple sclerosis,0.3333333333333333,0.3333333333333333,0.6666666666666666,0.0,42.333333333333336,female,0.6666666666666666,3.0,fatigue,['fatigue'],unknown,unknown,unknown,,df1_only,df1_flags_derived,True,False,False,False,False,False,False,False,['fatigue']
mumps,0.0,0.0,1.0,0.0,65.0,male,1.0,1.0,fatigue,['fatigue'],unknown,unknown,unknown,,df1_only,df1_flags_derived,True,False,False,False,False,False,False,False,['fatigue']
muscular dystrophy,0.0,0.0,1.0,0.0,30.0,male,0.0,1.0,fatigue,['fatigue'],unknown,unknown,unknown,,df1_only,df1_flags_derived,True,False,False,False,False,False,False,False,['fatigue']
myocardial infarction heart,1.0,1.0,1.0,1.0,30.0,female,1.0,1.0,"chest pain,shortness of breath,nausea,vomiting,lightheadedness,sweating","['chest pain', 'shortness of breath', 'nausea', 'vomiting', 'lightheadedness', 'sweating']",emergency medical services,cardiologist,high,20.0,both,df2_text,True,True,False,False,False,False,False,False,"['shortness of breath', 'lightheadedness', 'vomiting', 'fatigue', 'nausea', 'fever', 'cough', 'chest pain', 'sweating', 'difficulty breathing']"
obsessivecompulsive disorde,0.0,0.0,1.0,0.0,35.0,male,0.0,1.0,fatigue,['fatigue'],unknown,unknown,unknown,,df1_only,df1_flags_derived,True,False,False,False,False,False,False,False,['fatigue']
osteoarthritis,0.5,0.5,0.6666666666666666,0.3333333333333333,46.666666666666664,male,0.5,6.0,"fever,cough,fatigue","['fever', 'cough', 'fatigue']",unknown,unknown,unknown,,df1_only,df1_flags_derived,True,False,False,False,False,False,False,False,"['fatigue', 'cough', 'fever']"
osteomyelitis,0.0,0.0,1.0,0.0,60.0,male,0.0,1.0,fatigue,['fatigue'],unknown,unknown,unknown,,df1_only,df1_flags_derived,True,False,False,False,False,False,False,False,['fatigue']
osteoporosis,0.5,0.4166666666666667,0.5833333333333334,0.16666666666666666,54.083333333333336,male,0.5,12.0,"fever,fatigue","['fever', 'fatigue']",unknown,unknown,unknown,,df1_only,df1_flags_derived,True,False,False,False,False,False,False,False,"['fatigue', 'fever']"
otitis media,1.0,1.0,1.0,0.0,65.0,male,0.0,1.0,"fever,cough,fatigue","['fever', 'cough', 'fatigue']",unknown,unknown,unknown,,df1_only,df1_flags_derived,True,False,False,False,False,False,False,False,"['fatigue', 'cough', 'fever']"
ovarian cancer,0.0,0.0,1.0,0.0,45.0,male,0.0,1.0,fatigue,['fatigue'],unknown,unknown,unknown,,df1_only,df1_flags_derived,True,False,False,False,False,False,False,False,['fatigue']
pancreatic cancer,0.0,0.0,1.0,0.0,50.0,female,1.0,1.0,fatigue,['fatigue'],unknown,unknown,unknown,,df1_only,df1_flags_derived,True,False,False,False,False,False,False,False,['fatigue']
pancreatitis,0.4,0.6,0.6,0.2,43.8,male,0.4,5.0,"cough,fatigue","['cough', 'fatigue']",unknown,unknown,unknown,,df1_only,df1_flags_derived,True,False,False,False,False,False,False,False,"['fatigue', 'cough']"
parkinsons,0.3333333333333333,0.3333333333333333,0.6666666666666666,0.0,61.666666666666664,male,0.3333333333333333,3.0,"tremors,slow movement,stiffness,difficulty with balance,coordination","['tremors', 'slow movement', 'stiffness', 'difficulty with balance', 'coordination']","medication,lifestyle changes",neurologist,varies,,both,df2_text,True,True,False,False,False,False,False,False,"['difficulty with balance', 'tremors', 'slow movement', 'fatigue', 'stiffness', 'coordination']"
peptic ulcer,0.3653916989443305,0.3462961380724538,0.7813572757651704,0.1488954393559657,47.684337263613585,unknown,0.519544125465178,0.0,"pain in the upper abdomen,indigestion,nausea,vomiting","['pain in the upper abdomen', 'indigestion', 'nausea', 'vomiting']","medication,lifestyle changes,surgery",gastroenterologist,varies,,df2_only,df2_text,False,True,True,True,True,True,True,True,"['vomiting', 'fatigue', 'nausea', 'pain in the upper abdomen', 'indigestion']"
peripheral artery,0.3653916989443305,0.3462961380724538,0.7813572757651704,0.1488954393559657,47.684337263613585,unknown,0.519544125465178,0.0,"pain,numbness,tingling in the arms or legs","['pain', 'numbness', 'tingling in the arms or legs']","medication,lifestyle changes,surgery",vascular surgeon,varies,,df2_only,df2_text,False,True,True,True,True,True,True,True,"['fatigue', 'tingling in the arms or legs', 'pain', 'numbness']"
pneumocystis pneumonia,1.0,1.0,1.0,0.0,45.0,female,1.0,1.0,"fever,cough,fatigue","['fever', 'cough', 'fatigue']",unknown,unknown,unknown,,df1_only,df1_flags_derived,True,False,False,False,False,False,False,False,"['fatigue', 'cough', 'fever']"
pneumonia,0.8571428571428571,0.8571428571428571,0.8571428571428571,1.0,41.42857142857143,female,0.7142857142857143,7.0,"fever,cough,shortness of breath,chest pain,fatigue","['fever', 'cough', 'shortness of breath', 'chest pain', 'fatigue']","antibiotics,over-the-counter medications,rest,fluids","family doctor,pulmonologist",moderate,1.0,both,df2_text,True,True,False,False,False,False,False,False,"['shortness of breath', 'fatigue', 'cough', 'fever', 'chest pain', 'difficulty breathing']"
pneumothorax,0.0,0.0,1.0,1.0,50.0,female,1.0,1.0,"fatigue,difficulty breathing","['fatigue', 'difficulty breathing']",unknown,unknown,unknown,,df1_only,df1_flags_derived,True,False,False,False,False,False,False,False,"['fatigue', 'difficulty breathing']"
polio,1.0,1.0,1.0,0.0,60.0,male,0.0,1.0,"fever,cough,fatigue","['fever', 'cough', 'fatigue']",unknown,unknown,unknown,,df1_only,df1_flags_derived,True,False,False,False,False,False,False,False,"['fatigue', 'cough', 'fever']"
polycystic ovary syndrome,1.0,1.0,0.0,0.0,55.0,female,1.0,1.0,"fever,cough","['fever', 'cough']",unknown,unknown,unknown,,df1_only,df1_flags_derived,True,False,False,False,False,False,False,False,"['cough', 'fever']"
praderwilli syndrome,0.0,0.0,1.0,0.0,60.0,female,1.0,1.0,fatigue,['fatigue'],unknown,unknown,unknown,,df1_only,df1_flags_derived,True,False,False,False,False,False,False,False,['fatigue']
prostate cancer,1.0,1.0,0.0,0.0,70.0,male,0.0,1.0,"difficulty urinating,blood in the urine,pain in the back or hips,erectile dysfunction","['difficulty urinating', 'blood in the urine', 'pain in the back or hips', 'erectile dysfunction']","surgery,radiation therapy,hormone therapy",urologist,high,70.0,both,df2_text,True,True,False,False,False,False,False,False,"['erectile dysfunction', 'difficulty urinating', 'pain in the back or hips', 'fever', 'cough', 'blood in the urine']"
psoriasis,0.4,0.6,0.4,0.0,38.0,female,0.6,5.0,cough,['cough'],unknown,unknown,unknown,,df1_only,df1_flags_derived,True,False,False,False,False,False,False,False,['cough']
rabies,1.0,1.0,0.0,0.0,40.0,female,0.0,1.0,"fever,headache,muscle aches,tingling at the bite site,difficulty swallowing,hydrophobia,aerophobia","['fever', 'headache', 'muscle aches', 'tingling at the bite site', 'difficulty swallowing', 'hydrophobia', 'aerophobia']",rabies vaccine,"doctor,urgent care",high,70.0,both,df2_text,True,True,False,False,False,False,False,False,"['muscle aches', 'difficulty swallowing', 'hydrophobia', 'tingling at the bite site', 'fever', 'aerophobia', 'cough', 'headache']"
rheumatoid arthritis,0.3333333333333333,0.5,0.6666666666666666,0.16666666666666666,42.333333333333336,female,0.5,6.0,"pain,swelling,stiffness in the joints","['pain', 'swelling', 'stiffness in the joints']","medication,lifestyle changes",rheumatologist,varies,,both,df2_text,True,True,False,False,False,False,False,False,"['pain', 'swelling', 'fatigue', 'stiffness in the joints', 'cough']"
rubella,1.0,0.0,1.0,0.0,35.0,female,0.0,1.0,"fever,fatigue","['fever', 'fatigue']",unknown,unknown,unknown,,df1_only,df1_flags_derived,True,False,False,False,False,False,False,False,"['fatigue', 'fever']"
salmonella,0.3653916989443305,0.3462961380724538,0.7813572757651704,0.1488954393559657,47.684337263613585,unknown,0.519544125465178,0.0,"fever,diarrhea,abdominal cramps,nausea,vomiting","['fever', 'diarrhea', 'abdominal cramps', 'nausea', 'vomiting']",antibiotics,"family doctor,urgent care",low,0.1,df2_only,df2_text,False,True,True,True,True,True,True,True,"['vomiting', 'fatigue', 'abdominal cramps', 'nausea', 'fever', 'diarrhea']"
schizophrenia,0.0,1.0,1.0,0.0,70.0,male,0.0,1.0,"cough,fatigue","['cough', 'fatigue']",unknown,unknown,unknown,,df1_only,df1_flags_derived,True,False,False,False,False,False,False,False,"['fatigue', 'cough']"
sepsis,1.0,1.0,1.0,0.0,50.0,male,0.0,1.0,"fever,cough,fatigue","['fever', 'cough', 'fatigue']",unknown,unknown,unknown,,df1_only,df1_flags_derived,True,False,False,False,False,False,False,False,"['fatigue', 'cough', 'fever']"
shingles,0.3653916989443305,0.3462961380724538,0.7813572757651704,0.1488954393559657,47.684337263613585,unknown,0.519544125465178,0.0,painful rash that follows nerve path,['painful rash that follows nerve path'],antiviral medication,"family doctor,dermatologist",low,0.1,df2_only,df2_text,False,True,True,True,True,True,True,True,"['fatigue', 'painful rash that follows nerve path']"
sickle cell anemia,0.0,0.0,1.0,0.0,45.0,female,1.0,1.0,fatigue,['fatigue'],unknown,unknown,unknown,,df1_only,df1_flags_derived,True,False,False,False,False,False,False,False,['fatigue']
sinusitis,0.0,1.0,1.0,0.0,30.0,male,0.0,1.0,"cough,fatigue","['cough', 'fatigue']",unknown,unknown,unknown,,df1_only,df1_flags_derived,True,False,False,False,False,False,False,False,"['fatigue', 'cough']"
sleep apnea,1.0,0.0,1.0,1.0,50.0,male,0.0,1.0,"fever,fatigue,difficulty breathing","['fever', 'fatigue', 'difficulty breathing']",unknown,unknown,unknown,,df1_only,df1_flags_derived,True,False,False,False,False,False,False,False,"['fatigue', 'fever', 'difficulty breathing']"
spina bifida,0.0,0.0,1.0,0.0,35.0,female,1.0,1.0,fatigue,['fatigue'],unknown,unknown,unknown,,df1_only,df1_flags_derived,True,False,False,False,False,False,False,False,['fatigue']
stomach cancer,0.3653916989443305,0.3462961380724538,0.7813572757651704,0.1488954393559657,47.684337263613585,unknown,0.519544125465178,0.0,"pain in the upper abdomen,indigestion,nausea,vomiting,weight loss","['pain in the upper abdomen', 'indigestion', 'nausea', 'vomiting', 'weight loss']","surgery,chemotherapy,radiation therapy",gastroenterologist,high,70.0,df2_only,df2_text,False,True,True,True,True,True,True,True,"['vomiting', 'weight loss', 'fatigue', 'nausea', 'pain in the upper abdomen', 'indigestion']"
stroke,0.7272727272727273,0.45454545454545453,0.8181818181818182,0.18181818181818182,59.90909090909091,female,0.6363636363636364,11.0,"sudden weakness,numbness on one side of the body,confusion,difficulty speaking,trouble seeing in one eye,severe headache","['sudden weakness', 'numbness on one side of the body', 'confusion', 'difficulty speaking', 'trouble seeing in one eye', 'severe headache']",emergency medical services,neurologist,high,15.0,both,df2_text,True,True,False,False,False,False,False,False,"['numbness on one side of the body', 'trouble seeing in one eye', 'difficulty speaking', 'confusion', 'sudden weakness', 'fatigue', 'fever', 'severe headache']"
systemic lupus erythematosus,0.0,1.0,1.0,0.0,55.0,female,1.0,1.0,chronic autoimmune disease that can affect any part of the body,['chronic autoimmune disease that can affect any part of the body'],"medication,lifestyle changes",rheumatologist,varies,,both,df2_text,True,True,False,False,False,False,False,False,"['fatigue', 'cough', 'chronic autoimmune disease that can affect any part of the body']"
testicular cancer,0.0,0.0,1.0,0.0,70.0,female,1.0,1.0,fatigue,['fatigue'],unknown,unknown,unknown,,df1_only,df1_flags_derived,True,False,False,False,False,False,False,False,['fatigue']
tetanus,0.0,0.0,1.0,0.0,45.0,male,1.0,1.0,fatigue,['fatigue'],unknown,unknown,unknown,,df1_only,df1_flags_derived,True,False,False,False,False,False,False,False,['fatigue']
thyroid cancer,0.0,0.0,1.0,0.0,60.0,female,1.0,1.0,"lump in the neck,hoarseness,fatigue,weight loss,unexplained heat intolerance,sensitivity to cold","['lump in the neck', 'hoarseness', 'fatigue', 'weight loss', 'unexplained heat intolerance', 'sensitivity to cold']","surgery,radiation therapy,hormone therapy",endocrinologist,high,70.0,both,df2_text,True,True,False,False,False,False,False,False,"['unexplained heat intolerance', 'weight loss', 'lump in the neck', 'fatigue', 'sensitivity to cold', 'hoarseness']"
tonsillitis,1.0,1.0,1.0,0.0,70.0,female,1.0,1.0,"fever,cough,fatigue","['fever', 'cough', 'fatigue']",unknown,unknown,unknown,,df1_only,df1_flags_derived,True,False,False,False,False,False,False,False,"['fatigue', 'cough', 'fever']"
tourette syndrome,0.0,0.0,1.0,0.0,65.0,male,0.0,1.0,fatigue,['fatigue'],unknown,unknown,unknown,,df1_only,df1_flags_derived,True,False,False,False,False,False,False,False,['fatigue']
tuberculosis,1.0,1.0,1.0,0.5,50.0,female,1.0,2.0,"cough that does not go away,fever,night sweats,weight loss,fatigue,chest pain","['cough that does not go away', 'fever', 'night sweats', 'weight loss', 'fatigue', 'chest pain']",antibiotics,"family doctor,pulmonologist",high,20.0,both,df2_text,True,True,False,False,False,False,False,False,"['weight loss', 'fatigue', 'cough', 'fever', 'cough that does not go away', 'chest pain', 'difficulty breathing', 'night sweats']"
turner syndrome,0.0,0.0,1.0,0.0,45.0,male,0.0,1.0,fatigue,['fatigue'],unknown,unknown,unknown,,df1_only,df1_flags_derived,True,False,False,False,False,False,False,False,['fatigue']
typhoid fever,0.0,1.0,0.0,0.0,55.0,male,1.0,1.0,cough,['cough'],unknown,unknown,unknown,,df1_only,df1_flags_derived,True,False,False,False,False,False,False,False,['cough']
ulcerative colitis,0.4,0.6,0.6,0.0,36.0,female,0.6,5.0,"diarrhea,bloody stool,abdominal pain,weight loss","['diarrhea', 'bloody stool', 'abdominal pain', 'weight loss']","medication,surgery",gastroenterologist,varies,,both,df2_text,True,True,False,False,False,False,False,False,"['weight loss', 'fatigue', 'cough', 'abdominal pain', 'bloody stool', 'diarrhea']"
urinary tract infection,0.625,0.5,0.625,0.25,41.375,female,0.375,8.0,"painful urination,burning,frequent urination,urgency to urinate,blood in the urine","['painful urination', 'burning', 'frequent urination', 'urgency to urinate', 'blood in the urine']",antibiotics,urologist,low,0.1,both,df2_text,True,True,False,False,False,False,False,False,"['urgency to urinate', 'fatigue', 'cough', 'fever', 'frequent urination', 'blood in the urine', 'painful urination', 'burning']"
varicose veins,0.3653916989443305,0.3462961380724538,0.7813572757651704,0.1488954393559657,47.684337263613585,unknown,0.519544125465178,0.0,"swollen,twisted veins,usually in the legs","['swollen', 'twisted veins', 'usually in the legs']","surgery,compression stockings,lifestyle changes",vascular surgeon,varies,,df2_only,df2_text,False,True,True,True,True,True,True,True,"['fatigue', 'twisted veins', 'swollen', 'usually in the legs']"
warts,0.3653916989443305,0.3462961380724538,0.7813572757651704,0.1488954393559657,47.684337263613585,unknown,0.519544125465178,0.0,"raised,rough growths on the skin","['raised', 'rough growths on the skin']","over-the-counter medications,prescription medications,cryotherapy,laser therapy",dermatologist,low,0.1,df2_only,df2_text,False,True,True,True,True,True,True,True,"['fatigue', 'rough growths on the skin', 'raised']"
williams syndrome,0.0,0.0,1.0,0.0,70.0,female,1.0,1.0,fatigue,['fatigue'],unknown,unknown,unknown,,df1_only,df1_flags_derived,True,False,False,False,False,False,False,False,['fatigue']
yeast infection,0.3653916989443305,0.3462961380724538,0.7813572757651704,0.1488954393559657,47.684337263613585,unknown,0.519544125465178,0.0,"itching,burning,discharge from the vaginor penis","['itching', 'burning', 'discharge from the vaginor penis']","over-the-counter medications,prescription medications","urologist,gynecologist",low,0.1,df2_only,df2_text,False,True,True,True,True,True,True,True,"['fatigue', 'discharge from the vaginor penis', 'burning', 'itching']"
zika virus,0.0,1.0,1.0,0.0,45.0,female,0.0,1.0,"cough,fatigue","['cough', 'fatigue']",unknown,unknown,unknown,,df1_only,df1_flags_derived,True,False,False,False,False,False,False,False,"['fatigue', 'cough']"
